DEL,Description,Definition_of_Done,Dependencies,Assumptions,Acceptance_Criteria,Output_Artifacts,Source,WBS_References,TestReferences
DEL-001,"Формування команди, аудит поточних процесів",Steering committee charter ratified and baseline audit report approved by Chief AI Officer and Head of Compliance.,,Executive sponsors allocate decision rights and auditors have access to current workflows.,Charter signed; audit findings documented with remediation backlog seeded.,Team roster; audit findings deck; remediation backlog,14:138,WBS-1.1.1;WBS-1.1.2,tests/organization/governance.md;tests/compliance/audit_checklist.md
DEL-002,Створити основний посібник «RLHF Annotation Guide» з версіонуванням у репозиторії (`docs/annotation/guide_v{major}.{minor}.md`). Інструкції повинні бути двомовними (українська + англійська) та регулярно переглядатися командою безпеки.,Versioned guide published in docs/annotation with bilingual content and security review sign-off.,DEL-001,Subject-matter experts and translators are available during the sprint.,Guide passes compliance review and readability QA in both languages.,docs/annotation/guide_v1.0.md; review sign-off log,2.1:12;2.1:19,WBS-1.2.1;WBS-1.2.2,tests/docs/annotation_guide_spellcheck.py;tests/docs/bilingual_consistency.py
DEL-003,Запровадити шаблони у вигляді Jinja2 для інтерфейсу анотації та YAML-схеми для валідації (`schemas/annotation_v1.yaml`).,Templates merged into annotation UI repo and schema validates sample payloads in CI.,DEL-002,Annotation platform supports Jinja2 templating and schema validation tooling.,CI run shows schema validation success on reference dataset.,templates/annotation/*.j2; schemas/annotation_v1.yaml,2.2:41,WBS-1.2.3,tests/annotation/schema_validation_test.py
DEL-004,**Вимірювання узгодженості**: щотижневий розрахунок Cohen’s Kappa та Krippendorff’s Alpha; поріг прийнятності ≥0.75.,Automated jobs compute agreement metrics weekly and alert when thresholds fall below 0.75.,DEL-002,Annotator IDs and scoring data streams are complete and timestamped.,Dashboard displays Kappa and Alpha ≥0.75 or triggers incident when breached.,metrics/agreement_weekly.csv; QA dashboard screenshots,2.3:45,WBS-1.2.4,tests/annotation/quality_metrics_pipeline.py
DEL-005,"**Рівень 0 – Автоматичний фільтр**: регулярні вирази, NLP-класифікатори та перевірки формату. «Рівень 1 – Молодший анотаційний шар»: оцінка базової якості та комплаєнсу. «Рівень 2 – Старший експерт»: фокус на ризики, економічну логіку, довготермінові наслідки. «Рівень 3 – Комітет»: колективне рішення для спірних випадків і оновлення політик. «RLAIF-рівень»: спеціалізовані мовні моделі, що дають попередні оцінки/рекомендації; вони проходять валідацію проти людських еталонів.",Evaluator services deployed for all tiers with routing rules and validation logs aligning AI outputs with human benchmarks.,DEL-004,Access to training data and reviewer availability for higher tiers.,Routing accuracy ≥95% and audit trail for escalations is complete.,evaluator_service/config.json; validation reports,3:50-54,WBS-1.3.1,tests/evaluators/multi_level_pipeline.py
DEL-006,"**Механізм відбору**: використання невизначеності політики (entropy sampling), diversity sampling (k-means на ембедінгах) та бізнес-приорів (події високої волатильності). Модель генерує відповіді на останні ринкові сценарії. Модуль відбору оцінює невизначеність/цінність даних. Вибрані приклади направляються анотаторам або RLAIF-агенту. Нові анотації інтегруються у буфер повторного навчання. **Моніторинг**: відстеження coverage метрик та ефективності (зменшення regret, підвищення Sharpe Ratio на симуляторах).",Active learning pipeline moves prioritized samples end-to-end with monitoring dashboard tracking coverage and Sharpe uplift.,DEL-005,Access to streaming market data and feature store embeddings is stable.,Sampling jobs run on schedule and monitoring shows positive regret reduction trend.,pipelines/active_learning.yaml; monitoring dashboards,4:57-63,WBS-1.3.2,tests/data/active_sampling_test.py
DEL-007,Впровадити стадію «self-reflection» після кожної відповіді моделі: спеціальна модель або ланцюжок запитів генерує критику та план виправлення.,Self-reflection prompts executed post-response with critiques persisted in knowledge graph and tracked for remediation.,DEL-006,Knowledge graph storage is provisioned and secured.,Critique coverage ≥90% of model outputs in pilot evaluation.,self_reflection/pipeline.json; knowledge_graph/records.parquet,5:66,WBS-1.3.3,tests/self_reflection/log_consistency_test.py
DEL-008,R = w_1 \cdot S_{accuracy} + w_2 \cdot S_{risk} + w_3 \cdot S_{communication} - P_{violations} - P_{uncertainty},Reward function implementation merged with parameter management and penalty controls.,DEL-007,Reward telemetry is available from evaluation loop for calibration.,Unit tests confirm reward outputs match specification across scenarios.,reward/model.py; calibration notebook,6:72-74,WBS-1.3.4,tests/reward/reward_function_regression.py
DEL-009,Формалізувати правила у вигляді машинно-зчитуваних політик (`configs/policies/*.yaml`).,"Policy repository populated, referenced in training pipeline, and enforced by constrained RL checks.",DEL-008,Policy authors supply latest compliance constraints.,Constrained RL run passes VaR/ES guardrails without violations.,configs/policies/*.yaml; policy enforcement logs,7:82,WBS-1.3.5,tests/safety/policy_constraints_test.py
DEL-010,"Поведінкові моделі з історичних логів (RL-агенти, MARL). Скрипти сценаріїв для рідкісних подій (кризові новини, black swan). Параметризовані симулятори ринку (підсистема `backtest/` та `markets/`).","Simulators released covering behavioural agents, rare-event scripts, and market backtest adapters.",DEL-006,Historical logs and market data connectors are accessible for simulator calibration.,Simulator scenarios generate reproducible seeds and align with reference metrics.,simulators/behavioural_agents/; backtest/scenario_scripts/,8:91,WBS-1.3.6,tests/simulators/user_simulator_consistency.py
DEL-011,"**Human Feedback Scorecard**: дашборд (Superset/Metabase) з метриками середніх оцінок, дисперсій, Kappa. **Model Alignment Scorecard**: частота комплаєнс-порушень, precision/recall для ризикових тегів, Sharpe/Sortino у симуляторі. **Safety Scorecard**: кількість ескалацій, false negative/positive для критичних порушень, час реагування. **Автоматизовані алерти**: інтеграція з PagerDuty/Slack.",Dashboards deployed with automated alert rules tied to score thresholds and integrated into incident workflow.,DEL-005;DEL-006,Analytics platform credentials and event streams are provisioned.,Scorecards refresh on schedule and trigger PagerDuty incidents during breach simulation.,dashboards/human_feedback_superset.json; alerts/pagerduty_rules.yaml,9:98-101,WBS-1.4.3,tests/analytics/scorecard_dashboard_snapshot.py
DEL-012,"1. **Data Curation**: оновлення датасетів, фільтри приватності, дедуплікація. 2. **Supervised Fine-Tuning (SFT)**: початкове навчання на схвалених відповідях. 3. **Reward Model Training**: тренування RM на людських або AI-оцінках (distillation). 4. **RL Optimization**: PPO/QLoRA з constrained reward. 5. **Evaluation Loop**: симулятори + людські перевірки + scorecards. 6. **Deployment Gate**: технічний та бізнес рев’ю.",Pipeline orchestrations automated with lineage tracking across all six stages and gating approvals recorded.,DEL-006;DEL-007;DEL-008,MLOps platform (Prefect/Kubeflow) is available with necessary agents.,Successful dry-run completes entire loop with artifacts logged.,pipelines/rlhf_flow.prefect; deployment_gate/approval_records.csv,10.1:105-110,WBS-1.4.1,tests/pipelines/rlhf_pipeline_integration.py
DEL-013,"Використовувати узгоджені AI-оцінювачі як попередній шар, але з регулярним калібруванням на людських еталонах. Застосовувати active disagreement sampling: коли AI й людина сильно розходяться, кейси повертаються людині. Зберігати explainability звіти для кожного AI-оцінювача.","RLAIF evaluators calibrated, disagreement sampling enabled, and explainability reports stored per release.",DEL-005;DEL-012,Calibration dataset mirrors human gold standards and explainability tooling is connected.,Calibration error within tolerance and disagreement routing confirmed in audit.,rlaif/calibration_reports/; explainability/reports/,10.2:113-115,WBS-1.4.2,tests/evaluators/rlaif_calibration_test.py
DEL-014,"**Checklist**: функціональний, безпековий, комплаєнс, UX, доступність. **Red Teaming**: сценарії зловживань, конфлікт інтересів, маніпуляції. **Shadow Deployment**: A/B з поточною моделлю, відстеження метрик у реальному часі. **Rollback Plan**: автоматичні тригери на відкат при деградації KPI.","Pre-deployment gate includes checklist sign-offs, red team results, shadow metrics, and rollback automation scripts.",DEL-012;DEL-013,Staging environment mirrors production telemetry for safe validation.,Gate executed with no critical findings and rollback trigger tested successfully.,predeployment/checklist.md; redteam/report.pdf; shadow/metrics.csv; rollback/triggers.yaml,11:118-121,WBS-1.4.4,tests/deployment/preflight_checklist.py
DEL-015,"**Data Regression**: контрольні набори промптів з фіксованими очікуваними відповідями/оцінками. **Reward Regression**: збереження метрик RM (AUC, calibration) та порівняння з попередніми релізами. **Policy Regression**: автоматичні QA-тести на політики (наприклад, forbidden content detection). **Модульні тести симуляторів**: верифікація, що сценарії ринку залишаються відтворюваними.","Regression harness executes data, reward, policy, and simulator suites with baselines versioned.",DEL-014,Regression infrastructure resources available nightly.,CI pipelines show green runs with baselines updated post-approval.,tests/regression/data_suite/; tests/regression/reward_suite/; tests/regression/policy_suite/; tests/regression/simulator_suite/,12:124-127,WBS-1.5.1,tests/regression/README.md
DEL-016,"Запровадити pipeline у MLOps-системі (наприклад, Prefect/Kubeflow) з логуванням та артефактами.",MLOps pipeline runs tracked with immutable logs and artifact repositories linked.,DEL-012,Infrastructure team provisions Prefect/Kubeflow cluster with storage.,Execution metadata retained and accessible for audits.,mlops/pipeline_runs.log; artifact_store/index.json,13:130,WBS-1.5.2,tests/governance/mlops_pipeline_audit.py
DEL-017,"Використовувати DVC/MLflow для версіонування моделей, даних, reward-функцій.",Version control established with DVC/MLflow tracking across critical assets.,DEL-016,Storage quotas and credentials for DVC/MLflow servers are approved.,Version tags resolve to reproducible artifacts with matching hashes.,dvc.yaml; mlflow/experiments/,13:131,WBS-1.5.2,tests/governance/mlops_pipeline_audit.py
DEL-018,Щоквартально проводити незалежний аудит (внутрішній/зовнішній) відповідності політикам та результатам.,Audit calendar executed with findings logged and remediation owners assigned.,DEL-016;DEL-017,Audit partners available and granted required access.,Audit report signed with remediation tracker opened within 5 business days.,audits/2024Q1_report.pdf; remediation/tracker.xlsx,13:132,WBS-1.5.2,tests/governance/mlops_pipeline_audit.py
DEL-019,Документувати усі зміни у `docs/alignment/changelog.md`.,"Changelog updated per release with version tags, approvals, and checksum references.",DEL-018,Release manager enforces change control SOP.,"Each release entry includes version, date, summary, approver, and SHA256 hash.",docs/alignment/changelog.md,13:133,WBS-1.5.3,tests/docs/changelog_consistency.py
